"Path","Line"
"C:\flashback\app\ai\ai_decision_enforcer.py","from __future__ import annotations"
"C:\flashback\app\ai\ai_decision_enforcer.py","import json"
"C:\flashback\app\ai\ai_decision_enforcer.py","import os"
"C:\flashback\app\ai\ai_decision_enforcer.py","import time"
"C:\flashback\app\ai\ai_decision_enforcer.py","from pathlib import Path"
"C:\flashback\app\ai\ai_decision_enforcer.py","from typing import Any, Dict, Iterable, List, Optional, Tuple"
"C:\flashback\app\ai\ai_decision_enforcer.py","    from app.core.spine_api import ("
"C:\flashback\app\ai\ai_decision_enforcer.py","    Read decisions from the tail of the file and iterate newest-first."
"C:\flashback\app\ai\ai_decision_outcome_linker.py","from __future__ import annotations"
"C:\flashback\app\ai\ai_decision_outcome_linker.py","import argparse"
"C:\flashback\app\ai\ai_decision_outcome_linker.py","import time"
"C:\flashback\app\ai\ai_decision_outcome_linker.py","from pathlib import Path"
"C:\flashback\app\ai\ai_decision_outcome_linker.py","from typing import Any, Dict, Optional, Tuple, List"
"C:\flashback\app\ai\ai_decision_outcome_linker.py","    from app.core.spine_api import ("
"C:\flashback\app\ai\ai_decision_outcome_linker.py","import orjson"
"C:\flashback\app\ai\ai_decision_outcome_linker.py","    from app.core.config import settings  # type: ignore"
"C:\flashback\app\ai\ai_decision_outcome_linker.py","        import os as _os"
"C:\flashback\app\ai\ai_decision_outcome_linker.py","from app.ai.ai_learning_advisor import run_evolution_if_ready"
"C:\flashback\app\ai\ai_decision_outcome_linker.py","from app.ai.ai_evolution_action_emitter import emit_evolution_actions"
"C:\flashback\app\ai\ai_decision_scorer.py","import json"
"C:\flashback\app\ai\ai_decision_scorer.py","import os"
"C:\flashback\app\ai\ai_decision_scorer.py","from statistics import mean"
"C:\flashback\app\ai\ai_events_spine.py","from __future__ import annotations"
"C:\flashback\app\ai\ai_events_spine.py","import argparse"
"C:\flashback\app\ai\ai_events_spine.py","import hashlib"
"C:\flashback\app\ai\ai_events_spine.py","import json"
"C:\flashback\app\ai\ai_events_spine.py","import os"
"C:\flashback\app\ai\ai_events_spine.py","import time"
"C:\flashback\app\ai\ai_events_spine.py","from pathlib import Path"
"C:\flashback\app\ai\ai_events_spine.py","from typing import Any, Dict, Optional, Tuple, Set, List"
"C:\flashback\app\ai\ai_events_spine.py","import orjson"
"C:\flashback\app\ai\ai_events_spine.py","from app.core.bus_types import (  # type: ignore"
"C:\flashback\app\ai\ai_events_spine.py","    from app.core.log import get_logger  # type: ignore"
"C:\flashback\app\ai\ai_events_spine.py","    import logging"
"C:\flashback\app\ai\ai_events_spine.py","    import sys"
"C:\flashback\app\ai\ai_events_spine.py","    from app.core.flashback_common import record_heartbeat  # type: ignore"
"C:\flashback\app\ai\ai_events_spine.py","    from app.core.config import settings  # type: ignore"
"C:\flashback\app\ai\ai_events_spine.py","    from app.core.spine_api import ("
"C:\flashback\app\ai\ai_events_spine.py","    Recursively remove volatile keys from arbitrary JSON-like objects."
"C:\flashback\app\ai\ai_events_spine.py","    - If we can recover setup_fingerprint/memory_fingerprint from embedded setup/payload/extra, use it."
"C:\flashback\app\ai\ai_events_spine.py","        from app.core.ai_decision_logger import append_decision  # type: ignore"
"C:\flashback\app\ai\ai_events_spine.py","        from app.bots.ai_pilot import pilot_decide"
"C:\flashback\app\ai\ai_events_spine.py","                log.warning(""[ai_events] Failed to remove trade_id=%r from pending registry: %r"", trade_id, e)"
"C:\flashback\app\ai\ai_events_spine.py","    from app.ai.gpu_runtime import configure_gpu"
"C:\flashback\app\ai\ai_events_spine.py","    from app.ai.gpu_warmup import warmup_gpu"
"C:\flashback\app\ai\ai_events_spine.py","        from app.exchange.balance_snapshot import get_balance_snapshot"
"C:\flashback\app\ai\ai_evolution_action_emitter.py","from app.core.ai_action_bus import emit_action"
"C:\flashback\app\ai\ai_evolution_engine.py","from app.ai.ai_strategy_promoter import evaluate_promotions"
"C:\flashback\app\ai\ai_evolution_engine.py","from app.ai.ai_strategy_demoter import evaluate_demotions"
"C:\flashback\app\ai\ai_evolution_engine.py","from app.ai.ai_strategy_killer import evaluate_kills"
"C:\flashback\app\ai\ai_executor_gate.py","from __future__ import annotations"
"C:\flashback\app\ai\ai_executor_gate.py","import os"
"C:\flashback\app\ai\ai_executor_gate.py","import time"
"C:\flashback\app\ai\ai_executor_gate.py","from pathlib import Path"
"C:\flashback\app\ai\ai_executor_gate.py","from typing import Any, Dict, Optional, Tuple"
"C:\flashback\app\ai\ai_executor_gate.py","import orjson"
"C:\flashback\app\ai\ai_executor_gate.py","    from app.core.config import settings  # type: ignore"
"C:\flashback\app\ai\ai_executor_gate.py","    from app.core.logger import get_logger  # type: ignore"
"C:\flashback\app\ai\ai_executor_gate.py","    import logging"
"C:\flashback\app\ai\ai_executor_gate.py","    Load setup_policy.json from state/."
"C:\flashback\app\ai\ai_learning_advisor.py","from __future__ import annotations"
"C:\flashback\app\ai\ai_learning_advisor.py","from dataclasses import dataclass"
"C:\flashback\app\ai\ai_learning_advisor.py","from typing import Any, Dict, List, Optional, Tuple"
"C:\flashback\app\ai\ai_learning_advisor.py","from app.ai.ai_live_state_adapter import LiveAIState"
"C:\flashback\app\ai\ai_learning_advisor.py","from app.ai.ai_evolution_engine import run_evolution_cycle"
"C:\flashback\app\ai\ai_learning_advisor.py","from app.ai.capital_flow_engine import compute_capital_flows"
"C:\flashback\app\ai\ai_learning_advisor.py","from app.ai.capital_flow_emitter import emit_capital_flows"
"C:\flashback\app\ai\ai_learning_advisor.py","    from app.ai.ai_policy_stats import load_policy_stats"
"C:\flashback\app\ai\ai_learning_advisor.py","from app.ai.capital_flow_engine import compute_capital_flows"
"C:\flashback\app\ai\ai_learning_advisor.py","from app.ai.capital_flow_emitter import emit_capital_flows"
"C:\flashback\app\ai\ai_learning_advisor.py","    from app.ai.ai_policy_stats import load_policy_stats"
"C:\flashback\app\ai\ai_learning_builder.py","from app.core.ai_profile import get_district_profile"
"C:\flashback\app\ai\ai_learning_contract.py","from __future__ import annotations"
"C:\flashback\app\ai\ai_learning_contract.py","from dataclasses import dataclass"
"C:\flashback\app\ai\ai_learning_contract.py","from pathlib import Path"
"C:\flashback\app\ai\ai_learning_contract.py","    # Advisory artifacts (derived from learning.sqlite)"
"C:\flashback\app\ai\ai_live_state_adapter.py","from app.ai.ai_policy_stats import load_policy_stats"
"C:\flashback\app\ai\ai_live_state_adapter.py","from app.ai.ai_regime_scanner import get_current_regimes"
"C:\flashback\app\ai\ai_memory_contract.py","from __future__ import annotations"
"C:\flashback\app\ai\ai_memory_contract.py","import hashlib"
"C:\flashback\app\ai\ai_memory_contract.py","import json"
"C:\flashback\app\ai\ai_memory_contract.py","import os"
"C:\flashback\app\ai\ai_memory_contract.py","import sqlite3"
"C:\flashback\app\ai\ai_memory_contract.py","import time"
"C:\flashback\app\ai\ai_memory_contract.py","from dataclasses import dataclass"
"C:\flashback\app\ai\ai_memory_contract.py","from pathlib import Path"
"C:\flashback\app\ai\ai_memory_contract.py","from typing import Any, Dict, Iterable, List, Optional, Sequence, Tuple"
"C:\flashback\app\ai\ai_memory_contract.py","    from app.core.config import settings  # type: ignore"
"C:\flashback\app\ai\ai_memory_contract.py","    import orjson  # type: ignore"
"C:\flashback\app\ai\ai_memory_contract.py","        import json as _json2"
"C:\flashback\app\ai\ai_memory_contract.py","        import os as _os"
"C:\flashback\app\ai\ai_memory_contract.py","from dataclasses import dataclass"
"C:\flashback\app\ai\ai_memory_contract.py","    Compute a trade_id-free fingerprint from a setup-like object."
"C:\flashback\app\ai\ai_memory_contract.py","    Extract (setup_fingerprint, memory_fingerprint) from setup-like records."
"C:\flashback\app\ai\ai_memory_contract.py","        ""SELECT * FROM memory_entries WHERE memory_id = ? ORDER BY ts_ms DESC"","
"C:\flashback\app\ai\ai_memory_contract.py","        ""SELECT * FROM memory_entries WHERE symbol = ? AND timeframe = ? ORDER BY ts_ms DESC"","
"C:\flashback\app\ai\ai_memory_entry_builder.py","    ? if since_ts_ms not provided, auto-derives from SQLite MAX(ts_ms) + 1"
"C:\flashback\app\ai\ai_memory_entry_builder.py","from __future__ import annotations"
"C:\flashback\app\ai\ai_memory_entry_builder.py","import argparse"
"C:\flashback\app\ai\ai_memory_entry_builder.py","import hashlib"
"C:\flashback\app\ai\ai_memory_entry_builder.py","import json"
"C:\flashback\app\ai\ai_memory_entry_builder.py","import sqlite3"
"C:\flashback\app\ai\ai_memory_entry_builder.py","import time"
"C:\flashback\app\ai\ai_memory_entry_builder.py","from pathlib import Path"
"C:\flashback\app\ai\ai_memory_entry_builder.py","from typing import Any, Dict, Optional, Tuple"
"C:\flashback\app\ai\ai_memory_entry_builder.py","from app.ai.ai_memory_contract import ("
"C:\flashback\app\ai\ai_memory_entry_builder.py","        cur = conn.execute(""SELECT MAX(ts_ms) FROM memory_entries;"")"
"C:\flashback\app\ai\ai_memory_entry_builder.py","      - ""rebuild"": wipes JSONL + SQLite and rebuilds from scratch"
"C:\flashback\app\ai\ai_memory_entry_builder.py","    ap.add_argument(""--rebuild"", action=""store_true"", help=""Wipe + rebuild entries + index from scratch."")"
"C:\flashback\app\ai\ai_policiy_stats.py","from __future__ import annotations"
"C:\flashback\app\ai\ai_policiy_stats.py","from collections import Counter, defaultdict"
"C:\flashback\app\ai\ai_policiy_stats.py","from pathlib import Path"
"C:\flashback\app\ai\ai_policiy_stats.py","from typing import Any, Dict, List"
"C:\flashback\app\ai\ai_policiy_stats.py","import orjson"
"C:\flashback\app\ai\ai_policiy_stats.py","    from app.core.config import settings  # type: ignore"
"C:\flashback\app\ai\ai_policiy_stats.py","    from app.core.logger import get_logger  # type: ignore"
"C:\flashback\app\ai\ai_policiy_stats.py","    import logging"
"C:\flashback\app\ai\ai_policiy_stats.py","    log.info(""[ai_policy_stats] Loading decisions from %s ..."", POLICY_LOG_PATH)"
"C:\flashback\app\ai\ai_regime_scanner.py","- Classify market regime from lightweight indicators (adx, atr_pct, vol_z)."
"C:\flashback\app\ai\ai_regime_scanner.py","from __future__ import annotations"
"C:\flashback\app\ai\ai_regime_scanner.py","from dataclasses import dataclass"
"C:\flashback\app\ai\ai_regime_scanner.py","from typing import Any, Dict, List, Optional"
"C:\flashback\app\ai\ai_scoreboard_gatekeeper_v1.py","from __future__ import annotations"
"C:\flashback\app\ai\ai_scoreboard_gatekeeper_v1.py","import json"
"C:\flashback\app\ai\ai_scoreboard_gatekeeper_v1.py","import math"
"C:\flashback\app\ai\ai_scoreboard_gatekeeper_v1.py","import os"
"C:\flashback\app\ai\ai_scoreboard_gatekeeper_v1.py","from pathlib import Path"
"C:\flashback\app\ai\ai_scoreboard_gatekeeper_v1.py","from typing import Any, Dict, Optional, Tuple"
"C:\flashback\app\ai\build_features_trades.py","import json"
"C:\flashback\app\ai\build_features_trades.py","from pathlib import Path"
"C:\flashback\app\ai\capital_flow_emitter.py","from app.core.ai_action_bus import emit_action"
"C:\flashback\app\ai\capital_flow_engine.py","from app.ai.capital_flow_policy import CAPITAL_POLICY"
"C:\flashback\app\ai\feature_builder.py","from __future__ import annotations"
"C:\flashback\app\ai\feature_builder.py","import math"
"C:\flashback\app\ai\feature_builder.py","from datetime import datetime, timezone"
"C:\flashback\app\ai\feature_builder.py","from pathlib import Path"
"C:\flashback\app\ai\feature_builder.py","from typing import Any, Dict"
"C:\flashback\app\ai\feature_builder.py","from app.data.append_store import append_rows, load_progress"
"C:\flashback\app\ai\feature_builder.py","from app.data.feature_registry import enforce_schema"
"C:\flashback\app\ai\feature_builder.py","    import orjson"
"C:\flashback\app\ai\feature_builder.py","    import json"
"C:\flashback\app\ai\feature_logger.py","from __future__ import annotations"
"C:\flashback\app\ai\feature_logger.py","import json"
"C:\flashback\app\ai\feature_logger.py","from pathlib import Path"
"C:\flashback\app\ai\feature_logger.py","from typing import Any, Dict, Optional"
"C:\flashback\app\ai\feature_logger.py","    from app.core.config import settings  # type: ignore[attr-defined]"
"C:\flashback\app\ai\feature_logger.py","    from app.core.log import get_logger  # type: ignore"
"C:\flashback\app\ai\feature_logger.py","    import logging, sys"
"C:\flashback\app\ai\feature_logger.py","    strategy_name : human-readable name from strategies.yaml"
"C:\flashback\app\ai\gpu_batch_scaler.py","        import torch"
"C:\flashback\app\ai\gpu_metrics.py","import time"
"C:\flashback\app\ai\gpu_metrics.py","        import torch"
"C:\flashback\app\ai\gpu_runtime.py","        import torch"
"C:\flashback\app\ai\gpu_runtime.py","        import tensorflow as tf"
"C:\flashback\app\ai\gpu_task_queue.py","import multiprocessing as mp"
"C:\flashback\app\ai\gpu_task_queue.py","        import torch"
"C:\flashback\app\ai\gpu_task_queue.py","        from app.ai.gpu_runtime import configure_gpu"
"C:\flashback\app\ai\gpu_task_queue.py","        from app.ai.gpu_warmup import warmup_gpu"
"C:\flashback\app\ai\gpu_warmup.py","        import torch"
"C:\flashback\app\ai\outcome_contract.py","from __future__ import annotations"
"C:\flashback\app\ai\outcome_contract.py","from dataclasses import dataclass"
"C:\flashback\app\ai\outcome_contract.py","from typing import Any, Dict, Optional, List"
"C:\flashback\app\ai\outcome_interpreter.py","from __future__ import annotations"
"C:\flashback\app\ai\outcome_interpreter.py","from typing import Dict, Any, Optional"
"C:\flashback\app\ai\outcome_writer.py","from __future__ import annotations"
"C:\flashback\app\ai\outcome_writer.py","import json"
"C:\flashback\app\ai\outcome_writer.py","import time"
"C:\flashback\app\ai\outcome_writer.py","from pathlib import Path"
"C:\flashback\app\ai\outcome_writer.py","from typing import Any, Dict, Optional"
"C:\flashback\app\ai\outcome_writer.py","from app.core.config import settings"
"C:\flashback\app\ai\outcome_writer.py","from app.ai.outcome_contract import OUTCOME_SCHEMA_VERSION, validate_outcome_v1"
"C:\flashback\app\ai\setup_memory_policy.py","#   from app.ai.setup_memory_policy import get_risk_multiplier, get_min_ai_score"
"C:\flashback\app\ai\setup_memory_policy.py","#   - Auto-updating policies from performance"
"C:\flashback\app\ai\setup_memory_policy.py","from __future__ import annotations"
"C:\flashback\app\ai\setup_memory_policy.py","import json"
"C:\flashback\app\ai\setup_memory_policy.py","from decimal import Decimal"
"C:\flashback\app\ai\setup_memory_policy.py","from pathlib import Path"
"C:\flashback\app\ai\setup_memory_policy.py","from typing import Any, Dict, Optional"
"C:\flashback\app\ai\setup_memory_policy.py","    from app.core.logger import get_logger"
"C:\flashback\app\ai\setup_memory_policy.py","    import logging"
"C:\flashback\app\ai\setup_memory_policy.py","    from app.core.config import settings"
"C:\flashback\app\ai\setup_memory_policy.py","        from pathlib import Path"
"C:\flashback\app\ai\setup_memory_policy.py","    - 1.0 means ""use raw risk_pct from strategies.yaml"""
"C:\flashback\app\ai\setup_memory_policy.py","    import sys"
"C:\flashback\app\ai\strategy_cloner.py","import uuid"
"C:\flashback\app\ai\strategy_cloner.py","import yaml"
"C:\flashback\app\ai\strategy_cloner.py","from pathlib import Path"
"C:\flashback\app\ai\strategy_cloner.py","from app.core.strategy_registry import register_strategy"
"C:\flashback\app\ai\strategy_regime_router.py","import yaml"
"C:\flashback\app\ai\strategy_regime_router.py","from app.ai.strategy_fit_engine import score_strategy_fit"
"C:\flashback\app\ai\strategy_registry.py","import yaml"
"C:\flashback\app\ai\torch_compile.py","        import torch"
"C:\flashback\app\ai\trade_outcome_recorder.py","import time"
"C:\flashback\app\ai\trade_outcome_recorder.py","import logging"
"C:\flashback\app\ai_training\metrics_logger.py","import json"
"C:\flashback\app\ai_training\metrics_logger.py","import time"
"C:\flashback\app\ai_training\metrics_logger.py","from pathlib import Path"
"C:\flashback\app\ai_training\metrics_logger.py","from typing import Dict, Optional"
"C:\flashback\app\ai_training\metrics_logger.py","from sklearn.metrics import accuracy_score, roc_auc_score  # Optional for AUC"
"C:\flashback\app\api\cockpit_api.py","from fastapi import FastAPI"
"C:\flashback\app\api\cockpit_api.py","from app.api.subaccounts_api import router as subaccounts_router"
"C:\flashback\app\api\cockpit_api.py","from app.api.governance_api import router as governance_router"
"C:\flashback\app\api\governance_api.py","import json"
"C:\flashback\app\api\governance_api.py","import os"
"C:\flashback\app\api\governance_api.py","from datetime import datetime"
"C:\flashback\app\api\governance_api.py","from fastapi import APIRouter, HTTPException"
"C:\flashback\app\api\subaccounts_api.py","import json"
"C:\flashback\app\api\subaccounts_api.py","import os"
"C:\flashback\app\api\subaccounts_api.py","from fastapi import APIRouter"
"C:\flashback\app\bots\ai_action_router.py","from __future__ import annotations"
"C:\flashback\app\bots\ai_action_router.py","import os"
"C:\flashback\app\bots\ai_action_router.py","import time"
"C:\flashback\app\bots\ai_action_router.py","from pathlib import Path"
"C:\flashback\app\bots\ai_action_router.py","from typing import Any, Dict, List, Tuple"
"C:\flashback\app\bots\ai_action_router.py","import orjson"
"C:\flashback\app\bots\ai_action_router.py","from app.core.flashback_common import ("
"C:\flashback\app\bots\ai_action_router.py","from app.core.ai_action_router import apply_ai_action"
"C:\flashback\app\bots\ai_pilot.py","from __future__ import annotations"
"C:\flashback\app\bots\ai_pilot.py","import argparse"
"C:\flashback\app\bots\ai_pilot.py","import os"
"C:\flashback\app\bots\ai_pilot.py","import time"
"C:\flashback\app\bots\ai_pilot.py","from pathlib import Path"
"C:\flashback\app\bots\ai_pilot.py","from typing import Any, Dict, List, Optional, Tuple"
"C:\flashback\app\bots\ai_pilot.py","from app.core.ai_action_builder import build_trade_action_from_sample"
"C:\flashback\app\bots\ai_pilot.py","from app.core.ai_state_bus import build_ai_snapshot, validate_snapshot_v2"
"C:\flashback\app\bots\ai_pilot.py","from app.core.flashback_common import send_tg, record_heartbeat, alert_bot_error"
"C:\flashback\app\bots\ai_pilot.py","    from app.core.log import get_logger"
"C:\flashback\app\bots\ai_pilot.py","    import logging"
"C:\flashback\app\bots\ai_pilot.py","    from app.ai.ai_policy_sample import evaluate_state as sample_evaluate_state"
"C:\flashback\app\bots\ai_pilot.py","    from app.ai.ai_policy_core import evaluate_state as core_evaluate_state"
"C:\flashback\app\bots\ai_pilot.py","    from app.ai.ai_memory_store import query_memories_tiered, QueryOptions"
"C:\flashback\app\bots\ai_pilot.py","    from app.ai.ai_gatekeeper import evaluate_memory_gates"
"C:\flashback\app\bots\ai_pilot.py","    from app.core.ai_decision_types import PilotDecision, DECISION_SCHEMA_VERSION"
"C:\flashback\app\bots\ai_pilot.py","    from app.ai.ai_memory_contract import canary_enabled, is_canary_account"
"C:\flashback\app\bots\ai_pilot.py","    from app.core.ai_decision_logger import append_decision as append_decision"
"C:\flashback\app\bots\ai_pilot.py","    from app.core.ai_action_bus import append_actions as bus_append_actions"
"C:\flashback\app\bots\ai_pilot.py","        raise RuntimeError(f""decision_logger_failed: {e}"") from e"
"C:\flashback\app\bots\ai_pilot.py","        raise RuntimeError(f""action_bus_failed: {e}"") from e"
"C:\flashback\app\bots\executor_v2.py","from __future__ import annotations"
"C:\flashback\app\bots\executor_v2.py","import os"
"C:\flashback\app\bots\executor_v2.py","import re"
"C:\flashback\app\bots\executor_v2.py","import json"
"C:\flashback\app\bots\executor_v2.py","import asyncio"
"C:\flashback\app\bots\executor_v2.py","import time"
"C:\flashback\app\bots\executor_v2.py","import hashlib"
"C:\flashback\app\bots\executor_v2.py","from decimal import Decimal"
"C:\flashback\app\bots\executor_v2.py","from pathlib import Path"
"C:\flashback\app\bots\executor_v2.py","from typing import Dict, Optional, List, Any, Iterable, Tuple"
"C:\flashback\app\bots\executor_v2.py","from app.core.config import settings"
"C:\flashback\app\bots\executor_v2.py","# ---------- Robust logger import ---------- #"
"C:\flashback\app\bots\executor_v2.py","    from app.core.logger import get_logger, bind_context  # type: ignore"
"C:\flashback\app\bots\executor_v2.py","        from app.core.log import get_logger as _get_logger  # type: ignore"
"C:\flashback\app\bots\executor_v2.py","        import logging"
"C:\flashback\app\bots\executor_v2.py","        import logging"
"C:\flashback\app\bots\executor_v2.py","from app.core.bybit_client import Bybit"
"C:\flashback\app\bots\executor_v2.py","from app.core.notifier_bot import tg_send"
"C:\flashback\app\bots\executor_v2.py","from app.core.trade_classifier import classify as classify_trade"
"C:\flashback\app\bots\executor_v2.py","from app.core.corr_gate_v2 import allow as corr_allow"
"C:\flashback\app\bots\executor_v2.py","from app.core.sizing import bayesian_size, risk_capped_qty"
"C:\flashback\app\bots\executor_v2.py","from app.core.strategy_gate import ("
"C:\flashback\app\bots\executor_v2.py","from app.core.portfolio_guard import can_open_trade"
"C:\flashback\app\bots\executor_v2.py","from app.core.flashback_common import get_equity_usdt, record_heartbeat, GLOBAL_BREAKER"
"C:\flashback\app\bots\executor_v2.py","from app.core.session_guard import should_block_trading"
"C:\flashback\app\bots\executor_v2.py","from app.ai.setup_memory_policy import get_risk_multiplier  # keep: risk multiplier lives here"
"C:\flashback\app\bots\executor_v2.py","from app.core.orders_bus import record_order_event"
"C:\flashback\app\bots\executor_v2.py","from app.ai.feature_logger import log_features_at_open"
"C:\flashback\app\bots\executor_v2.py","from app.ai.ai_events_spine import build_setup_context, publish_ai_event"
"C:\flashback\app\bots\executor_v2.py","from app.core.ai_state_bus import build_ai_snapshot, validate_snapshot_v2"
"C:\flashback\app\bots\executor_v2.py","from app.ai.ai_decision_enforcer import enforce_decision"
"C:\flashback\app\bots\executor_v2.py","    from app.bots.ai_pilot import pilot_decide  # type: ignore"
"C:\flashback\app\bots\executor_v2.py","from app.core.position_bus import get_positions_snapshot as bus_get_positions_snapshot"
"C:\flashback\app\bots\executor_v2.py","from app.sim.paper_broker import PaperBroker  # type: ignore"
"C:\flashback\app\bots\executor_v2.py","from app.ai.ai_scoreboard_gatekeeper_v1 import scoreboard_gate_decide"
"C:\flashback\app\bots\executor_v2.py","from app.ai.ai_executor_gate import ai_gate_decide, load_setup_policy, resolve_policy_cfg_for_strategy"
"C:\flashback\app\bots\executor_v2.py","# ? Hardened decision logger import (lock + tail-dedupe)"
"C:\flashback\app\bots\executor_v2.py","    from app.core.ai_decision_logger import append_decision as _append_decision_hardened  # type: ignore"
"C:\flashback\app\bots\executor_v2.py","    # --- rest of file unchanged from your version ---"
"C:\flashback\app\bots\risk_daemon.py","from __future__ import annotations"
"C:\flashback\app\bots\risk_daemon.py","import time"
"C:\flashback\app\bots\risk_daemon.py","    from app.core.log import get_logger  # type: ignore"
"C:\flashback\app\bots\risk_daemon.py","    import logging, sys"
"C:\flashback\app\bots\risk_daemon.py","    from app.core.flashback_common import record_heartbeat  # type: ignore"
"C:\flashback\app\bots\signal_engine.py","from app.core.ai_profile import get_district_profile"
"C:\flashback\app\bots\supervisor.py","# - Loads .env from project root explicitly."
"C:\flashback\app\bots\supervisor.py","import subprocess"
"C:\flashback\app\bots\supervisor.py","import time"
"C:\flashback\app\bots\supervisor.py","import sys"
"C:\flashback\app\bots\supervisor.py","import os"
"C:\flashback\app\bots\supervisor.py","import signal"
"C:\flashback\app\bots\supervisor.py","import contextlib"
"C:\flashback\app\bots\supervisor.py","from pathlib import Path"
"C:\flashback\app\bots\supervisor.py","from typing import Dict, List, Tuple, Optional"
"C:\flashback\app\bots\supervisor.py","import traceback"
"C:\flashback\app\bots\supervisor.py","from dotenv import load_dotenv"
"C:\flashback\app\bots\supervisor.py","from app.core.notifier_bot import get_notifier"
"C:\flashback\app\bots\supervisor.py","from app.core.flashback_common import bybit_get  # NEW: use shared Bybit client"
"C:\flashback\app\bots\supervisor.py","    from app.core.subs import load_subs, send_tg_to_sub  # type: ignore"
"C:\flashback\app\bots\supervisor.py","# Ensure we always behave as if running from project_root"
"C:\flashback\app\bots\supervisor.py","# Load .env from project root explicitly"
"C:\flashback\app\bots\supervisor.py","    Load key/secret from env using the given prefix."
"C:\flashback\app\bots\supervisor.py","        # Use shared, time-synced client from flashback_common"
"C:\flashback\app\bots\supervisor_ai_stack.py","- Windows spawn-safe: ZERO side effects at import time."
"C:\flashback\app\bots\supervisor_ai_stack.py","from __future__ import annotations"
"C:\flashback\app\bots\supervisor_ai_stack.py","import multiprocessing as mp"
"C:\flashback\app\bots\supervisor_ai_stack.py","import os"
"C:\flashback\app\bots\supervisor_ai_stack.py","import signal"
"C:\flashback\app\bots\supervisor_ai_stack.py","import sys"
"C:\flashback\app\bots\supervisor_ai_stack.py","import time"
"C:\flashback\app\bots\supervisor_ai_stack.py","from pathlib import Path"
"C:\flashback\app\bots\supervisor_ai_stack.py","from typing import Callable, Dict, Optional, List, Tuple, Any"
"C:\flashback\app\bots\supervisor_ai_stack.py","import os as _os"
"C:\flashback\app\bots\supervisor_ai_stack.py","import sys as _sys"
"C:\flashback\app\bots\supervisor_ai_stack.py","from pathlib import Path as _Path"
"C:\flashback\app\bots\supervisor_ai_stack.py","        from app.core.log import get_logger  # type: ignore"
"C:\flashback\app\bots\supervisor_ai_stack.py","        import logging"
"C:\flashback\app\bots\supervisor_ai_stack.py","        from app.core.config import settings  # type: ignore"
"C:\flashback\app\bots\supervisor_ai_stack.py","        from dotenv import load_dotenv, dotenv_values  # type: ignore"
"C:\flashback\app\bots\supervisor_ai_stack.py","        log.info(""Loaded .env from %s"", root / "".env"")"
"C:\flashback\app\bots\supervisor_ai_stack.py","        from app.ops.ops_state import write_component_status  # type: ignore"
"C:\flashback\app\bots\supervisor_ai_stack.py","# Core helpers (TG / heartbeat) - import safe wrappers"
"C:\flashback\app\bots\supervisor_ai_stack.py","        from app.core.flashback_common import (  # type: ignore"
"C:\flashback\app\bots\supervisor_ai_stack.py","        from app.tools.validate_config import main as validate_config_main  # type: ignore"
"C:\flashback\app\bots\supervisor_ai_stack.py","        msg = f""STOP Config validator import failed: {e}. Refusing to start AI stack."""
"C:\flashback\app\bots\supervisor_ai_stack.py","        import yaml  # type: ignore"
"C:\flashback\app\bots\supervisor_ai_stack.py","# Dynamic import helpers"
"C:\flashback\app\bots\supervisor_ai_stack.py","            log.info(""Import OK: %s"", m)"
"C:\flashback\app\bots\supervisor_ai_stack.py","            log.warning(""Import failed: %s (%s)"", m, e)"
"C:\flashback\app\bots\supervisor_ai_stack.py","    import os"
"C:\flashback\app\bots\supervisor_ai_stack.py","        from app.ops.ops_state import write_component_status"
"C:\flashback\app\bots\tp_sl_manager.py","import os"
"C:\flashback\app\bots\tp_sl_manager.py","import time"
"C:\flashback\app\bots\tp_sl_manager.py","import json"
"C:\flashback\app\bots\tp_sl_manager.py","from decimal import Decimal"
"C:\flashback\app\bots\tp_sl_manager.py","from pathlib import Path"
"C:\flashback\app\bots\tp_sl_manager.py","from typing import Dict, Tuple, List, Optional, Any"
"C:\flashback\app\bots\tp_sl_manager.py","import yaml  # type: ignore"
"C:\flashback\app\bots\tp_sl_manager.py","from app.core.flashback_common import ("
"C:\flashback\app\bots\tp_sl_manager.py","from app.core.position_bus import get_positions_snapshot as bus_get_positions_snapshot"
"C:\flashback\app\bots\tp_sl_manager.py","    from app.ai.ai_decision_enforcer import enforce_decision  # type: ignore"
"C:\flashback\app\bots\tp_sl_manager.py","    import websocket  # type: ignore"
"C:\flashback\app\bots\tp_sl_manager.py","    from app.core import strategies as strat_mod"
"C:\flashback\app\bots\tp_sl_manager.py","    from app.core.config import settings"
"C:\flashback\app\bots\tp_sl_manager.py","# ---- Spacing params from common module if present ----"
"C:\flashback\app\bots\tp_sl_manager.py","    from app.core.flashback_common import ATR_MULT, TP5_MAX_ATR_MULT, TP5_MAX_PCT, R_MIN_TICKS"
"C:\flashback\app\bots\tp_sl_manager.py","# ---- Phase 3 Step 1: infer parent trade_id from executions ----"
"C:\flashback\app\bots\tp_sl_manager.py","# Phase 3: Trade ID inference (parent link from executions) - LIVE"
"C:\flashback\app\bots\trade_outcomes.py","from __future__ import annotations"
"C:\flashback\app\bots\trade_outcomes.py","import json"
"C:\flashback\app\bots\trade_outcomes.py","import time"
"C:\flashback\app\bots\trade_outcomes.py","import threading"
"C:\flashback\app\bots\trade_outcomes.py","from pathlib import Path"
"C:\flashback\app\bots\trade_outcomes.py","from typing import Dict, Any"
"C:\flashback\app\bots\trade_outcome_recorder.py","import time"
"C:\flashback\app\bots\trade_outcome_recorder.py","import logging"
"C:\flashback\app\bots\ws_switchboard.py","import asyncio"
"C:\flashback\app\bots\ws_switchboard.py","import json"
"C:\flashback\app\bots\ws_switchboard.py","import logging"
"C:\flashback\app\bots\ws_switchboard.py","import time"
"C:\flashback\app\bots\ws_switchboard.py","import websockets"
"C:\flashback\app\bots\ws_switchboard.py","from pathlib import Path"
"C:\flashback\app\cockpit\api.py","from flask import Blueprint, jsonify, request"
"C:\flashback\app\cockpit\api.py","from datetime import datetime"
"C:\flashback\app\comms\alerts.py","from app.comms.telegram_bus_v1 import send_alert"
"C:\flashback\app\comms\telegram_bus_v1.py","import os"
"C:\flashback\app\comms\telegram_bus_v1.py","import asyncio"
"C:\flashback\app\comms\telegram_bus_v1.py","from dotenv import load_dotenv"
"C:\flashback\app\comms\telegram_bus_v1.py","from telegram import Bot"
"C:\flashback\app\comms\telegram_bus_v1.py","# Auto-load .env from project root"
"C:\flashback\app\comms\telegram_init_v1.py","import os"
"C:\flashback\app\comms\telegram_init_v1.py","from app.comms.telegram_bus_v1 import register_bot"
"C:\flashback\app\core\replay\time_window.py","import polars as pl"
"C:\flashback\app\core\ai_action_builder.py","    - Stop each bot from inventing its own random action shape."
"C:\flashback\app\core\ai_action_builder.py","from __future__ import annotations"
"C:\flashback\app\core\ai_action_builder.py","import time"
"C:\flashback\app\core\ai_action_builder.py","import uuid"
"C:\flashback\app\core\ai_action_builder.py","from typing import Any, Dict, List, Optional"
"C:\flashback\app\core\ai_action_builder.py","from app.core.ai_action_schema import AIAction  # type: ignore"
"C:\flashback\app\core\ai_action_bus.py","- trade_id is pulled from action[""setup_context""][""trade_id""] if present, else action[""trade_id""]"
"C:\flashback\app\core\ai_action_bus.py","- account_label is pulled from action[""account_label""] (or provided label)"
"C:\flashback\app\core\ai_action_bus.py","- type is pulled from action[""type""]"
"C:\flashback\app\core\ai_action_bus.py","- AI_ACTIONS_DEDUPE_SEED_TAIL     : seed dedupe cache from last N lines (default 2000)"
"C:\flashback\app\core\ai_action_bus.py","from __future__ import annotations"
"C:\flashback\app\core\ai_action_bus.py","import os"
"C:\flashback\app\core\ai_action_bus.py","import time"
"C:\flashback\app\core\ai_action_bus.py","from collections import OrderedDict, deque"
"C:\flashback\app\core\ai_action_bus.py","from pathlib import Path"
"C:\flashback\app\core\ai_action_bus.py","from typing import Any, Dict, Iterable, List, Optional"
"C:\flashback\app\core\ai_action_bus.py","import orjson"
"C:\flashback\app\core\ai_action_bus.py","from app.core.ai_action_schema import is_heartbeat, is_trade_bearing, missing_trade_fields"
"C:\flashback\app\core\ai_action_bus.py","    from app.core.config import settings"
"C:\flashback\app\core\ai_action_bus.py","    from app.core.log import get_logger"
"C:\flashback\app\core\ai_action_bus.py","    import logging, sys"
"C:\flashback\app\core\ai_action_bus.py","    Pull trade_id from setup_context.trade_id first, then action.trade_id."
"C:\flashback\app\core\ai_action_bus.py","    Best-effort: parse last N lines from the actions file to prime the dedupe cache"
"C:\flashback\app\core\ai_action_bus.py","            logger.info(""dedupe seeded from tail: %s keys"", min(seeded, _DEDUPE_MAX))"
"C:\flashback\app\core\ai_action_bus.py","                from app.ai.outcome_interpreter import interpret_outcome"
"C:\flashback\app\core\ai_action_guard.py","from app.core.ai_profile import get_district_profile"
"C:\flashback\app\core\ai_action_router.py","from __future__ import annotations"
"C:\flashback\app\core\ai_action_router.py","import os"
"C:\flashback\app\core\ai_action_router.py","import time"
"C:\flashback\app\core\ai_action_router.py","import uuid"
"C:\flashback\app\core\ai_action_router.py","from dataclasses import dataclass"
"C:\flashback\app\core\ai_action_router.py","from decimal import Decimal"
"C:\flashback\app\core\ai_action_router.py","from pathlib import Path"
"C:\flashback\app\core\ai_action_router.py","from typing import Any, Dict, List, Optional, Tuple"
"C:\flashback\app\core\ai_action_router.py","import orjson"
"C:\flashback\app\core\ai_action_router.py","    from app.core.log import get_logger  # type: ignore"
"C:\flashback\app\core\ai_action_router.py","    import logging"
"C:\flashback\app\core\ai_action_router.py","    import sys"
"C:\flashback\app\core\ai_action_router.py","from app.core.flashback_common import ("
"C:\flashback\app\core\ai_action_router.py","from app.core.execution_ws import ("
"C:\flashback\app\core\ai_action_router.py","from app.core.ai_profile import get_current_ai_profile"
"C:\flashback\app\core\ai_action_router.py","from app.core.ai_action_bus import ACTION_LOG_PATH"
"C:\flashback\app\core\ai_action_router.py","from app.core.ai_action_guard import ("
"C:\flashback\app\core\ai_action_router.py","from app.core.exec_signal_schema import ("
"C:\flashback\app\core\ai_action_router.py","        # Compute from size_fraction * profile.max_notional_pct if possible"
"C:\flashback\app\core\ai_action_router.py","        from app.core.config import settings  # type: ignore"
"C:\flashback\app\core\ai_action_schema.py","from __future__ import annotations"
"C:\flashback\app\core\ai_action_schema.py","from typing import TypedDict, Literal, Optional, Dict, Any, List"
"C:\flashback\app\core\ai_decision_logger.py","from __future__ import annotations"
"C:\flashback\app\core\ai_decision_logger.py","import os"
"C:\flashback\app\core\ai_decision_logger.py","import time"
"C:\flashback\app\core\ai_decision_logger.py","import hashlib"
"C:\flashback\app\core\ai_decision_logger.py","import json"
"C:\flashback\app\core\ai_decision_logger.py","from pathlib import Path"
"C:\flashback\app\core\ai_decision_logger.py","from typing import Any, Dict, Tuple, Optional, List"
"C:\flashback\app\core\ai_decision_logger.py","import orjson"
"C:\flashback\app\core\ai_decision_logger.py","    from app.core.spine_api import AI_DECISIONS_PATH, AI_SNAPSHOTS_PATH, now_ms"
"C:\flashback\app\core\ai_decision_logger.py","from pathlib import Path"
"C:\flashback\app\core\ai_decision_logger.py","import json, time"
"C:\flashback\app\core\ai_decision_logger.py","                import msvcrt"
"C:\flashback\app\core\ai_decision_logger.py","                import msvcrt"
"C:\flashback\app\core\ai_decision_logger.py","        from app.core import ai_state_bus  # local import to avoid coupling at module import time"
"C:\flashback\app\core\ai_decision_logger.py","        # Normalize decision_code from decision/payload"
"C:\flashback\app\core\ai_decision_types.py","from __future__ import annotations"
"C:\flashback\app\core\ai_decision_types.py","from typing import Any, Dict, Literal, TypedDict, Optional"
"C:\flashback\app\core\ai_hooks.py","from __future__ import annotations"
"C:\flashback\app\core\ai_hooks.py","import time"
"C:\flashback\app\core\ai_hooks.py","import uuid"
"C:\flashback\app\core\ai_hooks.py","from pathlib import Path"
"C:\flashback\app\core\ai_hooks.py","import json"
"C:\flashback\app\core\ai_hooks.py","from typing import Optional, List, Dict, Any"
"C:\flashback\app\core\ai_hooks.py","import orjson"
"C:\flashback\app\core\ai_hooks.py","from app.core.ai_schema import ("
"C:\flashback\app\core\ai_hooks.py","    from app.core import ai_store as _ai_store  # type: ignore"
"C:\flashback\app\core\ai_hooks.py","    from app.core.config import settings"
"C:\flashback\app\core\ai_hooks.py","    # Fallback: derive project root from this file location"
"C:\flashback\app\core\ai_profile.py","import yaml"
"C:\flashback\app\core\ai_profile.py","from pathlib import Path"
"C:\flashback\app\core\ai_schema.py","from __future__ import annotations"
"C:\flashback\app\core\ai_schema.py","import enum"
"C:\flashback\app\core\ai_schema.py","from typing import TypedDict, Literal, Optional, List, Dict, Any"
"C:\flashback\app\core\ai_schema.py","    MAIN_TEACHER = ""MAIN_TEACHER""          # Manual trades from main account (teacher mode)"
"C:\flashback\app\core\ai_schema.py","      - latency_ms: from signal to first fill or from order create to fill"
"C:\flashback\app\core\ai_schema.py","    Summary of a fully closed trade (from flat ? flat)."
"C:\flashback\app\core\ai_state_bus.py","from app.core.ai_profile import get_district_profile"
"C:\flashback\app\core\audit_log.py","from __future__ import annotations"
"C:\flashback\app\core\audit_log.py","import hashlib"
"C:\flashback\app\core\audit_log.py","import time"
"C:\flashback\app\core\audit_log.py","from pathlib import Path"
"C:\flashback\app\core\audit_log.py","from typing import Dict, Any"
"C:\flashback\app\core\audit_log.py","import orjson"
"C:\flashback\app\core\bus_types.py","from __future__ import annotations"
"C:\flashback\app\core\bus_types.py","from collections import deque"
"C:\flashback\app\core\bus_types.py","from typing import Any, Deque, Dict, Optional  # noqa: F401"
"C:\flashback\app\core\bus_types.py","from typing import Literal, TypedDict"
"C:\flashback\app\core\bus_types.py","    NOTE: Memory is derived from Phase 3 artifacts; it does NOT rewrite history."
"C:\flashback\app\core\bybit_client.py","from __future__ import annotations"
"C:\flashback\app\core\bybit_client.py","from typing import Any, Dict, Optional"
"C:\flashback\app\core\bybit_client.py","from app.core.flashback_common import bybit_get, bybit_post"
"C:\flashback\app\core\bybit_client.py","        but flashback_common already wires the correct keys from env, so we"
"C:\flashback\app\core\config.py","from __future__ import annotations"
"C:\flashback\app\core\config.py","from pathlib import Path"
"C:\flashback\app\core\config.py","import os"
"C:\flashback\app\core\corr_gate_v2.py","from __future__ import annotations"
"C:\flashback\app\core\corr_gate_v2.py","import os"
"C:\flashback\app\core\corr_gate_v2.py","from decimal import Decimal"
"C:\flashback\app\core\corr_gate_v2.py","from typing import Dict, Any, List, Tuple"
"C:\flashback\app\core\corr_gate_v2.py","from app.core.flashback_common import list_open_positions"
"C:\flashback\app\core\distributed.py","from redis import Redis"
"C:\flashback\app\core\distributed.py","from rq import Queue"
"C:\flashback\app\core\event_bus.py","from app.comms.alerts import ("
"C:\flashback\app\core\event_bus.py","from time import time"
"C:\flashback\app\core\execution_ws.py","from __future__ import annotations"
"C:\flashback\app\core\execution_ws.py","from decimal import Decimal"
"C:\flashback\app\core\execution_ws.py","from typing import Any, Dict, List, Optional, Set"
"C:\flashback\app\core\execution_ws.py","from app.core.flashback_common import ("
"C:\flashback\app\core\execution_ws.py","    # 1) Optionally check spread from WS orderbook"
"C:\flashback\app\core\execution_ws.py","    # 2) Determine equity and qty from notional %"
"C:\flashback\app\core\execution_ws.py","    print(""execution_ws module loaded. Use from other scripts; no CLI here."")"
"C:\flashback\app\core\exec_signal_schema.py","from __future__ import annotations"
"C:\flashback\app\core\exec_signal_schema.py","from typing import TypedDict, Literal, Optional, Dict, Any, List"
"C:\flashback\app\core\exec_signal_schema.py","    from an ExecSignal candidate."
"C:\flashback\app\core\feature_store.py","from __future__ import annotations"
"C:\flashback\app\core\feature_store.py","import time"
"C:\flashback\app\core\feature_store.py","from decimal import Decimal"
"C:\flashback\app\core\feature_store.py","from pathlib import Path"
"C:\flashback\app\core\feature_store.py","from typing import Any, Dict, Optional"
"C:\flashback\app\core\feature_store.py","import orjson"
"C:\flashback\app\core\feature_store.py","    from app.core.config import settings  # type: ignore"
"C:\flashback\app\core\feature_store.py","    If x is not a dict, return empty dict. Protects logging from bad inputs."
"C:\flashback\app\core\feature_store.py","    Intended to be called from executor AFTER:"
"C:\flashback\app\core\flashback_common.py","import os"
"C:\flashback\app\core\flashback_common.py","import time"
"C:\flashback\app\core\flashback_common.py","import hmac"
"C:\flashback\app\core\flashback_common.py","import hashlib"
"C:\flashback\app\core\flashback_common.py","import threading"
"C:\flashback\app\core\flashback_common.py","from collections import deque"
"C:\flashback\app\core\flashback_common.py","from decimal import Decimal, ROUND_DOWN"
"C:\flashback\app\core\flashback_common.py","from typing import Dict, Any, Tuple, List, Optional, Callable"
"C:\flashback\app\core\flashback_common.py","from urllib.parse import urlencode"
"C:\flashback\app\core\flashback_common.py","from pathlib import Path  # for heartbeat file handling"
"C:\flashback\app\core\flashback_common.py","import requests"
"C:\flashback\app\core\flashback_common.py","import orjson"
"C:\flashback\app\core\flashback_common.py","from dotenv import load_dotenv"
"C:\flashback\app\core\flashback_common.py","from app.core.notifier_bot import get_notifier"
"C:\flashback\app\core\flashback_common.py","from app.core.subs import all_subs as load_subs"
"C:\flashback\app\core\flashback_common.py","    from app.core import market_bus as _market_bus  # type: ignore"
"C:\flashback\app\core\flashback_common.py","# Load cache at import time"
"C:\flashback\app\core\flashback_common.py","        raise requests.HTTPError(f""Non-JSON response from Bybit: {url_used}"")"
"C:\flashback\app\core\flashback_common.py","        raise requests.HTTPError(f""Non-JSON response from Bybit: {url}"")"
"C:\flashback\app\core\flashback_common.py","    Compute order qty from a notional % of equity."
"C:\flashback\app\core\io_parquet.py","import polars as pl"
"C:\flashback\app\core\io_parquet.py","from pathlib import Path"
"C:\flashback\app\core\log.py","import logging"
"C:\flashback\app\core\log.py","import sys"
"C:\flashback\app\core\log.py","from pathlib import Path"
"C:\flashback\app\core\logger.py","from __future__ import annotations"
"C:\flashback\app\core\logger.py","import logging"
"C:\flashback\app\core\logger.py","import sys"
"C:\flashback\app\core\logger.py","from pathlib import Path"
"C:\flashback\app\core\logger.py","from typing import Any, Dict"
"C:\flashback\app\core\logger.py","# Try to get ROOT from config, otherwise infer from this file"
"C:\flashback\app\core\logger.py","    from app.core.config import settings"
"C:\flashback\app\core\logger.py","        from core.config import settings  # type: ignore"
"C:\flashback\app\core\logger.py","    # Fallback: project root is two levels up from this file: app/core/logger.py"
"C:\flashback\app\core\logger.py","    whenever modules re-import this file."
"C:\flashback\app\core\market_bus.py","from __future__ import annotations"
"C:\flashback\app\core\market_bus.py","import time"
"C:\flashback\app\core\market_bus.py","from decimal import Decimal"
"C:\flashback\app\core\market_bus.py","from pathlib import Path"
"C:\flashback\app\core\market_bus.py","from typing import Any, Dict, List, Optional, Tuple"
"C:\flashback\app\core\market_bus.py","import orjson"
"C:\flashback\app\core\market_bus.py","    from app.core.config import settings"
"C:\flashback\app\core\market_bus.py","    Return the last 'updated_ms' from orderbook_bus.json, or None."
"C:\flashback\app\core\market_bus.py","    Return the last 'updated_ms' from trades_bus.json, or None."
"C:\flashback\app\core\market_bus.py","    Return up to `limit` most recent trades for `symbol` from trades_bus.json."
"C:\flashback\app\core\notifier_bot.py","- NO filesystem I/O at import time (no .env load at import)."
"C:\flashback\app\core\notifier_bot.py","- NO network calls at import time."
"C:\flashback\app\core\notifier_bot.py","from __future__ import annotations"
"C:\flashback\app\core\notifier_bot.py","import os"
"C:\flashback\app\core\notifier_bot.py","import time"
"C:\flashback\app\core\notifier_bot.py","import threading"
"C:\flashback\app\core\notifier_bot.py","from collections import deque"
"C:\flashback\app\core\notifier_bot.py","from dataclasses import dataclass"
"C:\flashback\app\core\notifier_bot.py","from typing import Deque, Dict, Optional, Tuple"
"C:\flashback\app\core\notifier_bot.py","import requests"
"C:\flashback\app\core\notifier_bot.py","from app.core.logger import get_logger"
"C:\flashback\app\core\notifier_bot.py","    Load .env exactly once, and only on-demand (NOT at import time)."
"C:\flashback\app\core\notifier_bot.py","    - Import sweeps should not accidentally perform filesystem reads."
"C:\flashback\app\core\notifier_bot.py","            from pathlib import Path"
"C:\flashback\app\core\notifier_bot.py","            from dotenv import load_dotenv  # type: ignore"
"C:\flashback\app\core\orders_bus.py","from __future__ import annotations"
"C:\flashback\app\core\orders_bus.py","import time"
"C:\flashback\app\core\orders_bus.py","from pathlib import Path"
"C:\flashback\app\core\orders_bus.py","from typing import Any, Dict, List, Optional"
"C:\flashback\app\core\orders_bus.py","    import importlib"
"C:\flashback\app\core\orders_bus.py","    import logging"
"C:\flashback\app\core\orders_bus.py","    from app.core.config import settings"
"C:\flashback\app\core\orders_bus.py","        from pathlib import Path"
"C:\flashback\app\core\orders_bus.py","    import orjson  # type: ignore"
"C:\flashback\app\core\orders_bus.py","    import json as _json  # type: ignore"
"C:\flashback\app\core\parallel.py","import multiprocessing"
"C:\flashback\app\core\parallel.py","from concurrent.futures import ProcessPoolExecutor"
"C:\flashback\app\core\parquet_partitioned_writer.py","import os, time"
"C:\flashback\app\core\parquet_partitioned_writer.py","import polars as pl"
"C:\flashback\app\core\parquet_partitioned_writer.py","from pathlib import Path"
"C:\flashback\app\core\parquet_partitioned_writer.py","from datetime import datetime"
"C:\flashback\app\core\parquet_writer.py","import os, time"
"C:\flashback\app\core\parquet_writer.py","import polars as pl"
"C:\flashback\app\core\parquet_writer.py","from pathlib import Path"
"C:\flashback\app\core\portfolio_guard.py","from __future__ import annotations"
"C:\flashback\app\core\portfolio_guard.py","import os"
"C:\flashback\app\core\portfolio_guard.py","from decimal import Decimal, InvalidOperation"
"C:\flashback\app\core\portfolio_guard.py","from typing import Any, Dict, Tuple"
"C:\flashback\app\core\portfolio_guard.py","from app.core.logger import get_logger"
"C:\flashback\app\core\portfolio_guard.py","# Seeded from env, but can now be toggled at runtime via set_global_breaker()."
"C:\flashback\app\core\position_bus.py","    from app.core.position_bus import ("
"C:\flashback\app\core\position_bus.py","from __future__ import annotations"
"C:\flashback\app\core\position_bus.py","import os"
"C:\flashback\app\core\position_bus.py","import time"
"C:\flashback\app\core\position_bus.py","from pathlib import Path"
"C:\flashback\app\core\position_bus.py","from typing import Any, Dict, List, Optional, Tuple"
"C:\flashback\app\core\position_bus.py","import orjson"
"C:\flashback\app\core\position_bus.py","    from app.core.config import settings"
"C:\flashback\app\core\position_bus.py","    from app.core.flashback_common import list_open_positions"
"C:\flashback\app\core\position_bus.py","    from core.config import settings  # type: ignore"
"C:\flashback\app\core\position_bus.py","    from core.flashback_common import list_open_positions  # type: ignore"
"C:\flashback\app\core\position_bus.py","    Load the entire snapshot dict from positions_bus.json, or None if missing/invalid."
"C:\flashback\app\core\position_bus.py","        This prevents legacy callers from accidentally managing a subaccount."
"C:\flashback\app\core\session_guard.py","import os"
"C:\flashback\app\core\session_guard.py","import json"
"C:\flashback\app\core\session_guard.py","import time"
"C:\flashback\app\core\session_guard.py","from pathlib import Path"
"C:\flashback\app\core\session_guard.py","from typing import Dict, Any"
"C:\flashback\app\core\session_guard.py","from datetime import datetime"
"C:\flashback\app\core\session_guard.py","    from app.core.config import settings"
"C:\flashback\app\core\session_guard.py","    from core.config import settings  # type: ignore"
"C:\flashback\app\core\sizing.py","    from app.core.sizing import bayesian_size, risk_capped_qty"
"C:\flashback\app\core\sizing.py","from __future__ import annotations"
"C:\flashback\app\core\sizing.py","from decimal import Decimal"
"C:\flashback\app\core\sizing.py","from typing import Tuple"
"C:\flashback\app\core\sizing.py","from app.core.flashback_common import get_ticks, qdown"
"C:\flashback\app\core\spine_api.py","from __future__ import annotations"
"C:\flashback\app\core\spine_api.py","import hashlib"
"C:\flashback\app\core\spine_api.py","import json"
"C:\flashback\app\core\spine_api.py","import os"
"C:\flashback\app\core\spine_api.py","import time"
"C:\flashback\app\core\spine_api.py","from dataclasses import dataclass"
"C:\flashback\app\core\spine_api.py","from pathlib import Path"
"C:\flashback\app\core\spine_api.py","from typing import Any, Dict, Iterable, List, Optional, Tuple"
"C:\flashback\app\core\spine_api.py","    import orjson  # type: ignore"
"C:\flashback\app\core\state_bus.py","from __future__ import annotations"
"C:\flashback\app\core\state_bus.py","import threading"
"C:\flashback\app\core\state_bus.py","import time"
"C:\flashback\app\core\state_bus.py","from pathlib import Path"
"C:\flashback\app\core\state_bus.py","from typing import Any, Dict, Optional, Iterable, Callable, List, Tuple"
"C:\flashback\app\core\state_bus.py","import orjson"
"C:\flashback\app\core\state_bus.py","    from app.core.config import settings  # type: ignore"
"C:\flashback\app\core\state_bus.py","    from core.config import settings  # type: ignore"
"C:\flashback\app\core\state_bus.py","            # Normalize from new or old representation"
"C:\flashback\app\core\state_bus.py","        Get a single key from a topic dict (plain value)."
"C:\flashback\app\core\state_bus.py","        Delete a key from a topic dict."
"C:\flashback\app\core\strategies.py","from __future__ import annotations"
"C:\flashback\app\core\strategies.py","from dataclasses import dataclass"
"C:\flashback\app\core\strategies.py","from pathlib import Path"
"C:\flashback\app\core\strategies.py","from typing import List, Dict, Optional"
"C:\flashback\app\core\strategies.py","import yaml  # type: ignore"
"C:\flashback\app\core\strategies.py","from app.core.config import settings"
"C:\flashback\app\core\strategies.py","from app.core.logger import get_logger"
"C:\flashback\app\core\strategies.py","        ""Loaded %d strategies from %s (version=%s)"","
"C:\flashback\app\core\strategies.py","    Returns the raw dict from strategies.yaml for this sub_uid."
"C:\flashback\app\core\strategy_gate.py","    from app.core.strategy_gate import ("
"C:\flashback\app\core\strategy_gate.py","from __future__ import annotations"
"C:\flashback\app\core\strategy_gate.py","import re"
"C:\flashback\app\core\strategy_gate.py","from dataclasses import asdict"
"C:\flashback\app\core\strategy_gate.py","from typing import Any, Dict, List, Optional, Tuple"
"C:\flashback\app\core\strategy_gate.py","from app.core import strategies as stratreg"
"C:\flashback\app\core\strategy_gate.py","    (This is separate from automation_mode; you can disable a strategy entirely.)"
"C:\flashback\app\core\strategy_gate.py","      - otherwise a label from strategy_label(...)"
"C:\flashback\app\core\subs.py","from __future__ import annotations"
"C:\flashback\app\core\subs.py","import json"
"C:\flashback\app\core\subs.py","import os"
"C:\flashback\app\core\subs.py","from pathlib import Path"
"C:\flashback\app\core\subs.py","from typing import List, Dict, Optional, Any"
"C:\flashback\app\core\subs.py","    from app.core.config import settings  # type: ignore"
"C:\flashback\app\core\subs.py","    import yaml  # type: ignore"
"C:\flashback\app\core\subs.py","    Normalize a single account entry from subaccounts.yaml."
"C:\flashback\app\core\subs.py","    Return the normalized list of accounts from YAML."
"C:\flashback\app\core\subs.py","# Label mapping from SUB_LABELS env"
"C:\flashback\app\core\subs.py","    Legacy helper: get label from SUB_LABELS or fall back to ""sub-<uid>""."
"C:\flashback\app\core\trade_classifier.py","        ""score"": float | None, # probability from model [0,1] if available"
"C:\flashback\app\core\trade_classifier.py","    - Uses trained model from models/setup_classifier.pkl if present."
"C:\flashback\app\core\trade_classifier.py","    - Uses per-strategy min_ai_score from setup_memory_policy if available."
"C:\flashback\app\core\trade_classifier.py","    from app.core.trade_classifier import classify as classify_trade"
"C:\flashback\app\core\trade_classifier.py","from __future__ import annotations"
"C:\flashback\app\core\trade_classifier.py","import json"
"C:\flashback\app\core\trade_classifier.py","from pathlib import Path"
"C:\flashback\app\core\trade_classifier.py","from typing import Any, Dict, Optional, Tuple"
"C:\flashback\app\core\trade_classifier.py","    from app.core.logger import get_logger"
"C:\flashback\app\core\trade_classifier.py","    import logging"
"C:\flashback\app\core\trade_classifier.py","    from app.core.config import settings"
"C:\flashback\app\core\trade_classifier.py","    from app.ai.setup_memory_policy import get_min_ai_score as _policy_get_min_ai_score  # type: ignore"
"C:\flashback\app\core\trade_classifier.py","        import joblib  # type: ignore"
"C:\flashback\app\core\trade_classifier.py","        log.info(""Loaded setup classifier model from %s"", MODEL_PATH)"
"C:\flashback\app\core\trade_classifier.py","    Rough session from timestamp (UTC). If ts is missing, use current time."
"C:\flashback\app\core\trade_classifier.py","    import datetime as dt"
"C:\flashback\app\core\trade_classifier.py","    Training feature names (from train_models.py):"
"C:\flashback\app\core\trade_classifier.py","    import datetime as dt"
"C:\flashback\app\core\trade_classifier.py","    import joblib"
"C:\flashback\app\core\trade_classifier.py","    from pathlib import Path"
"C:\flashback\app\core\trade_classifier.py","            log.warning(f""Failed to load regime model from {p}: {e}"")"
"C:\flashback\app\core\trade_classifier.py","    # Determine regime (from normalized feature store)"
"C:\flashback\app\core\trade_classifier.py","    # Expect it to be present in `signal[""regime""]` or features_dict from builder"
"C:\flashback\app\core\trade_classifier.py","    import torch"
"C:\flashback\app\core\trade_classifier.py","    from app.ai.gpu_runtime import configure_gpu"
"C:\flashback\app\core\trade_classifier.py","    from app.ai.torch_compile import maybe_compile"
"C:\flashback\app\core\ws_switchboard.py","from __future__ import annotations"
"C:\flashback\app\core\ws_switchboard.py","import json"
"C:\flashback\app\core\ws_switchboard.py","import os"
"C:\flashback\app\core\ws_switchboard.py","import threading"
"C:\flashback\app\core\ws_switchboard.py","import time"
"C:\flashback\app\core\ws_switchboard.py","import hmac"
"C:\flashback\app\core\ws_switchboard.py","import hashlib"
"C:\flashback\app\core\ws_switchboard.py","import logging"
"C:\flashback\app\core\ws_switchboard.py","from pathlib import Path"
"C:\flashback\app\core\ws_switchboard.py","from typing import Any, Dict, List, Optional, Tuple"
"C:\flashback\app\core\ws_switchboard.py","import websocket  # type: ignore"
"C:\flashback\app\core\ws_switchboard.py","from app.core.logger import get_logger"
"C:\flashback\app\core\ws_switchboard.py","from app.core.flashback_common import send_tg, get_equity_usdt"
"C:\flashback\app\core\ws_switchboard.py","    from app.core.config import settings"
"C:\flashback\app\core\ws_switchboard.py","    from dotenv import load_dotenv  # type: ignore"
"C:\flashback\app\core\ws_switchboard.py","        import yaml  # type: ignore"
"C:\flashback\app\core\ws_switchboard.py","            LOG.info(""[PRIVATE] Using Bybit API creds from env: %s / %s"", key_env, sec_env)"
"C:\flashback\app\core\ws_switchboard.py","            LOG.info(""Resolved PRIVATE WS creds from %s for ACCOUNT_LABEL=%s"", source_env, account_label)"
"C:\flashback\app\dashboard\dashboard_app.py","from flask import Flask"
"C:\flashback\app\dashboard\dashboard_app.py","from app.dashboard.routes import dashboard_bp"
"C:\flashback\app\dashboard\dashboard_server.py","from flask import Flask"
"C:\flashback\app\dashboard\dashboard_server.py","from flask_socketio import SocketIO"
"C:\flashback\app\dashboard\dashboard_server.py","from app.dashboard.routes import dashboard_bp"
"C:\flashback\app\dashboard\dashboard_state.py","from __future__ import annotations"
"C:\flashback\app\dashboard\dashboard_state.py","import json"
"C:\flashback\app\dashboard\dashboard_state.py","from pathlib import Path"
"C:\flashback\app\dashboard\dashboard_state.py","from typing import Dict, Any"
"C:\flashback\app\dashboard\dashboard_state.py","from time import time"
"C:\flashback\app\dashboard\dashboard_state.py","from app.dashboard.schema_dashboard_v1 import empty_account_row"
"C:\flashback\app\dashboard\dashboard_state.py","    import pprint"
"C:\flashback\app\dashboard\data_hydrator_v1.py","import json"
"C:\flashback\app\dashboard\data_hydrator_v1.py","import time"
"C:\flashback\app\dashboard\data_hydrator_v1.py","from pathlib import Path"
"C:\flashback\app\dashboard\hydrate.py","from app.state.store import load_state"
"C:\flashback\app\dashboard\push.py","from app.dashboard.hydrate import hydrate_dashboard_rows"
"C:\flashback\app\dashboard\push.py","from app.dashboard.dashboard_server import push_state"
"C:\flashback\app\dashboard\routes.py","from flask import Blueprint, render_template"
"C:\flashback\app\dashboard\routes.py","from app.dashboard.data_hydrator_v1 import hydrate_dashboard_rows"
"C:\flashback\app\dashboard\schema_dashboard_v1.py","from __future__ import annotations"
"C:\flashback\app\dashboard\schema_dashboard_v1.py","from typing import Dict, Any"
"C:\flashback\app\dashboard\schema_dashboard_v1.py","from time import time"
"C:\flashback\app\data\append_store.py","import json"
"C:\flashback\app\data\append_store.py","from pathlib import Path"
"C:\flashback\app\data\feature_registry.py","import json"
"C:\flashback\app\data\feature_registry.py","from pathlib import Path"
"C:\flashback\app\data\feature_registry.py","from typing import Dict, List, Tuple"
"C:\flashback\app\data\frame.py","import json"
"C:\flashback\app\data\frame.py","from pathlib import Path"
"C:\flashback\app\data\frame.py","import polars as pl"
"C:\flashback\app\distributed\spark_session.py","from pyspark.sql import SparkSession"
"C:\flashback\app\exchange\balance_snapshot.py","from __future__ import annotations"
"C:\flashback\app\exchange\balance_snapshot.py","import time"
"C:\flashback\app\exchange\balance_snapshot.py","from dataclasses import dataclass, asdict"
"C:\flashback\app\exchange\balance_snapshot.py","from typing import Dict, Optional"
"C:\flashback\app\governance\district_governance.py","import yaml"
"C:\flashback\app\governance\district_governance.py","import time"
"C:\flashback\app\governance\district_governance.py","from pathlib import Path"
"C:\flashback\app\ops\fleet_narrator.py","from pathlib import Path"
"C:\flashback\app\ops\fleet_narrator.py","import json, time, sys"
"C:\flashback\app\ops\fleet_narrator.py","from app.ops.ops_state import load_ops_snapshot"
"C:\flashback\app\ops\fleet_narrator.py","from app.core.flashback_common import send_tg"
"C:\flashback\app\ops\fleet_narrator.py","from app.ops.alert_rules import SEVERITY, ESCALATION, EMOJI"
"C:\flashback\app\ops\ops_emitter_v1.py","import json"
"C:\flashback\app\ops\ops_emitter_v1.py","import time"
"C:\flashback\app\ops\ops_emitter_v1.py","from pathlib import Path"
"C:\flashback\app\ops\ops_emitter_v1.py","from threading import Lock"
"C:\flashback\app\ops\ops_notify_bridge_v1.py","from app.ops.ops_emitter_v1 import emit_ops"
"C:\flashback\app\ops\ops_notify_bridge_v1.py","from app.comms.telegram_bus_v1 import send_alert"
"C:\flashback\app\ops\ops_state.py","from __future__ import annotations"
"C:\flashback\app\ops\ops_state.py","import json"
"C:\flashback\app\ops\ops_state.py","import os"
"C:\flashback\app\ops\ops_state.py","import time"
"C:\flashback\app\ops\ops_state.py","from pathlib import Path"
"C:\flashback\app\ops\ops_state.py","from typing import Any, Dict, Optional"
"C:\flashback\app\ops\ops_state.py","    from app.core.config import settings"
"C:\flashback\app\ops\orchestrator.py","import subprocess"
"C:\flashback\app\ops\orchestrator.py","import time"
"C:\flashback\app\ops\orchestrator.py","import yaml"
"C:\flashback\app\ops\orchestrator.py","import json"
"C:\flashback\app\ops\orchestrator.py","import os"
"C:\flashback\app\ops\orchestrator.py","from datetime import datetime"
"C:\flashback\app\ops\orchestrator_v1.py","from __future__ import annotations"
"C:\flashback\app\ops\orchestrator_v1.py","import sys"
"C:\flashback\app\ops\orchestrator_v1.py","from pathlib import Path"
"C:\flashback\app\ops\orchestrator_v1.py","import json"
"C:\flashback\app\ops\orchestrator_v1.py","import os"
"C:\flashback\app\ops\orchestrator_v1.py","import subprocess"
"C:\flashback\app\ops\orchestrator_v1.py","import time"
"C:\flashback\app\ops\orchestrator_v1.py","import socket"
"C:\flashback\app\ops\orchestrator_v1.py","import hashlib"
"C:\flashback\app\ops\orchestrator_v1.py","import platform"
"C:\flashback\app\ops\orchestrator_v1.py","from typing import Any, Dict, List"
"C:\flashback\app\ops\orchestrator_v1.py","from app.ops.writer_lock import acquire_lock, release_lock"
"C:\flashback\app\ops\orchestrator_v1.py","        import yaml  # type: ignore"
"C:\flashback\app\ops\orchestrator_watchdog.py","from __future__ import annotations"
"C:\flashback\app\ops\orchestrator_watchdog.py","import json"
"C:\flashback\app\ops\orchestrator_watchdog.py","import os"
"C:\flashback\app\ops\orchestrator_watchdog.py","import subprocess"
"C:\flashback\app\ops\orchestrator_watchdog.py","import sys"
"C:\flashback\app\ops\orchestrator_watchdog.py","import time"
"C:\flashback\app\ops\orchestrator_watchdog.py","from pathlib import Path"
"C:\flashback\app\ops\orchestrator_watchdog.py","from typing import Any, Dict, List, Optional"
"C:\flashback\app\ops\orchestrator_watchdog.py","    import yaml  # type: ignore"
"C:\flashback\app\ops\orchestrator_watchdog.py","    # Build expected labels from manifest"
"C:\flashback\app\ops\orchestrator_watchdog.py","        # existing supervisor from orch_state (may be stale if previous watchdog didn't update it)"
"C:\flashback\app\ops\orchestrator_watchdog.py","                import subprocess"
"C:\flashback\app\ops\outcome_sanitizer.py","from pathlib import Path"
"C:\flashback\app\ops\outcome_sanitizer.py","import json, math, collections, sys"
"C:\flashback\app\ops\proc_guard.py","import psutil"
"C:\flashback\app\ops\restart_guard.py","from pathlib import Path"
"C:\flashback\app\ops\restart_guard.py","import json"
"C:\flashback\app\ops\restart_guard.py","import time"
"C:\flashback\app\ops\scoreboard_confidence.py","from pathlib import Path"
"C:\flashback\app\ops\scoreboard_confidence.py","import json, statistics, sys"
"C:\flashback\app\ops\scoreboard_versioner.py","from pathlib import Path"
"C:\flashback\app\ops\scoreboard_versioner.py","import json, hashlib, datetime, sys"
"C:\flashback\app\ops\supervisor_cockpit.py","from pathlib import Path"
"C:\flashback\app\ops\supervisor_cockpit.py","import time, json, os"
"C:\flashback\app\ops\supervisor_cockpit.py","from collections import defaultdict"
"C:\flashback\app\ops\supervisor_events.py","from __future__ import annotations"
"C:\flashback\app\ops\supervisor_events.py","import json, os, threading, time"
"C:\flashback\app\ops\supervisor_events.py","from pathlib import Path"
"C:\flashback\app\ops\supervisor_events.py","from typing import Dict, Any"
"C:\flashback\app\ops\supervisor_tui.py","from pathlib import Path"
"C:\flashback\app\ops\supervisor_tui.py","import time"
"C:\flashback\app\ops\supervisor_tui.py","import sys"
"C:\flashback\app\ops\supervisor_tui.py","    from app.ops.ops_state import read_ops_snapshot"
"C:\flashback\app\ops\supervisor_tui.py","    print(""? Failed to import ops_state:"", e)"
"C:\flashback\app\ops\writer_lock.py","from pathlib import Path"
"C:\flashback\app\ops\writer_lock.py","import time"
"C:\flashback\app\ops\writer_lock.py","import os"
"C:\flashback\app\ops\writer_lock.py","import sys"
"C:\flashback\app\sim\paper_broker.py","from __future__ import annotations"
"C:\flashback\app\sim\paper_broker.py","import argparse"
"C:\flashback\app\sim\paper_broker.py","import inspect"
"C:\flashback\app\sim\paper_broker.py","import json"
"C:\flashback\app\sim\paper_broker.py","import time"
"C:\flashback\app\sim\paper_broker.py","import uuid"
"C:\flashback\app\sim\paper_broker.py","from dataclasses import dataclass, asdict"
"C:\flashback\app\sim\paper_broker.py","from pathlib import Path"
"C:\flashback\app\sim\paper_broker.py","from typing import Any, Dict, List, Optional, Literal, Tuple"
"C:\flashback\app\sim\paper_broker.py","import yaml  # type: ignore"
"C:\flashback\app\sim\paper_broker.py","    from app.core.config import settings  # type: ignore"
"C:\flashback\app\sim\paper_broker.py","    from app.core.log import get_logger  # type: ignore"
"C:\flashback\app\sim\paper_broker.py","    import logging"
"C:\flashback\app\sim\paper_broker.py","    import sys"
"C:\flashback\app\sim\paper_broker.py","        from app.ai.ai_events_spine import build_setup_context, publish_ai_event  # type: ignore"
"C:\flashback\app\sim\paper_broker.py","        from app.ai.outcome_writer import write_outcome_from_paper_close  # type: ignore"
"C:\flashback\app\sim\paper_broker.py","            raise ValueError(""stop_price must differ from entry_price"")"
"C:\flashback\app\sim\paper_price_feeder.py","import time"
"C:\flashback\app\sim\paper_price_feeder.py","import logging"
"C:\flashback\app\state\governance_state.py","import json"
"C:\flashback\app\state\governance_state.py","import os"
"C:\flashback\app\state\governance_state.py","from datetime import datetime"
"C:\flashback\app\state\store.py","import json"
"C:\flashback\app\state\store.py","import os"
"C:\flashback\app\state\store.py","from copy import deepcopy"
"C:\flashback\app\state\store.py","from app.state.schema import DEFAULT_SUBACCOUNT_STATE"
"C:\flashback\app\state\store.py","        from app.dashboard.push import broadcast_dashboard"
"C:\flashback\app\state\subaccounts_state.py","import json"
"C:\flashback\app\state\subaccounts_state.py","from pathlib import Path"
"C:\flashback\app\state\subaccounts_state_builder.py","import json"
"C:\flashback\app\state\subaccounts_state_builder.py","from pathlib import Path"
"C:\flashback\app\state\subaccounts_state_builder.py","from datetime import datetime"
"C:\flashback\app\state\subaccounts_state_writer.py","import json"
"C:\flashback\app\state\subaccounts_state_writer.py","import time"
"C:\flashback\app\state\subaccounts_state_writer.py","import os"
"C:\flashback\app\state\subaccounts_state_writer.py","from datetime import datetime"
"C:\flashback\app\tools\executor_replay.py","from __future__ import annotations"
"C:\flashback\app\tools\executor_replay.py","import argparse"
"C:\flashback\app\tools\executor_replay.py","import json"
"C:\flashback\app\tools\executor_replay.py","import os"
"C:\flashback\app\tools\executor_replay.py","import sys"
"C:\flashback\app\tools\executor_replay.py","import time"
"C:\flashback\app\tools\executor_replay.py","from pathlib import Path"
"C:\flashback\app\tools\executor_replay.py","from typing import Any, Dict, Iterable, List, Tuple"
"C:\flashback\app\tools\executor_replay.py","from app.core.config import settings"
"C:\flashback\app\tools\executor_replay.py","from app.core.strategy_gate import get_strategies_for_signal"
"C:\flashback\app\tools\executor_replay.py","from app.bots.executor_v2 import handle_strategy_signal  # type: ignore"
"C:\flashback\app\tools\executor_replay.py","    from app.core.logger import get_logger  # type: ignore"
"C:\flashback\app\tools\executor_replay.py","    import logging"
"C:\flashback\app\tools\executor_replay.py","    Copied from executor_v2, but kept local to avoid import of private symbol."
"C:\flashback\app\tools\executor_replay.py","    Yield decoded, stripped lines from a JSONL file."
"C:\flashback\app\tools\executor_replay.py","    log.info(""Starting executor dry-run replay from %s"", path)"
"C:\flashback\app\tools\executor_replay.py","    # Lazy import so asyncio is only needed when actually running replay"
"C:\flashback\app\tools\executor_replay.py","    import asyncio"
"C:\flashback\app\tools\executor_replay.py","    import asyncio"
"C:\flashback\app\tools\supervisor_telemetry.py","from __future__ import annotations"
"C:\flashback\app\tools\supervisor_telemetry.py","import json"
"C:\flashback\app\tools\supervisor_telemetry.py","import os"
"C:\flashback\app\tools\supervisor_telemetry.py","import threading"
"C:\flashback\app\tools\supervisor_telemetry.py","import time"
"C:\flashback\app\tools\supervisor_telemetry.py","from pathlib import Path"
"C:\flashback\app\tools\supervisor_telemetry.py","from typing import Any, Dict, Optional"
"C:\flashback\app\tools\supervisor_telemetry.py","        from app.core.config import settings  # type: ignore"
"C:\flashback\app\tools\validate_config.py","from __future__ import annotations"
"C:\flashback\app\tools\validate_config.py","import sys"
"C:\flashback\app\tools\validate_config.py","from pathlib import Path"
"C:\flashback\app\tools\validate_config.py","from typing import Any, Dict, List, Optional, Tuple"
"C:\flashback\app\tools\validate_config.py","    from app.core.config import settings  # type: ignore"
"C:\flashback\app\tools\validate_config.py","        import yaml  # type: ignore"
"C:\flashback\app\tools\_diag_supervisor_imports.py","from __future__ import annotations"
"C:\flashback\app\tools\_diag_supervisor_imports.py","from pathlib import Path"
"C:\flashback\app\tools\_diag_supervisor_imports.py","import sys, os"
"C:\flashback\app\tools\_diag_supervisor_imports.py","print(""\n=== Import probe (current process) ==="")"
"C:\flashback\app\tools\_diag_supervisor_imports.py","    import app"
"C:\flashback\app\tools\_diag_supervisor_imports.py","    print(""import app OK"", ""app="", app, ""file="", getattr(app, ""__file__"", None), ""path="", getattr(app, ""__path__"", None))"
"C:\flashback\app\tools\_diag_supervisor_imports.py","    print(""import app FAIL"", repr(e))"
"C:\flashback\app\tools\_diag_supervisor_imports.py","    import app.tools"
"C:\flashback\app\tools\_diag_supervisor_imports.py","    print(""import app.tools OK"", ""path="", getattr(app.tools, ""__path__"", None))"
"C:\flashback\app\tools\_diag_supervisor_imports.py","    print(""import app.tools FAIL"", repr(e))"
"C:\flashback\app\tools\_fix_orchestrator_cmd_indent.py","from pathlib import Path"
"C:\flashback\app\tools\_fix_orchestrator_cmd_indent.py","import re"
"C:\flashback\app\tools\_patch_orchestrator_launch_module.py","from pathlib import Path"
"C:\flashback\app\tools\_patch_orchestrator_launch_module.py","import re"
"C:\flashback\app\tools\_patch_supervisor_import_path_and_utf8.py","from __future__ import annotations"
"C:\flashback\app\tools\_patch_supervisor_import_path_and_utf8.py","from pathlib import Path"
"C:\flashback\app\tools\_patch_supervisor_import_path_and_utf8.py","import re"
"C:\flashback\app\tools\_patch_supervisor_import_path_and_utf8.py","marker = ""from __future__ import annotations"""
"C:\flashback\app\tools\_patch_supervisor_import_path_and_utf8.py","    # Find a safe insertion point: after last top-level import line near top."
"C:\flashback\app\tools\_patch_supervisor_import_path_and_utf8.py","        if lines[i].startswith(""import "") or lines[i].startswith(""from ""):"
"C:\flashback\app\tools\_patch_supervisor_import_path_and_utf8.py","           ""import os as _os\n"" \"
"C:\flashback\app\tools\_patch_supervisor_import_path_and_utf8.py","           ""import sys as _sys\n"" \"
"C:\flashback\app\tools\_patch_supervisor_import_path_and_utf8.py","           ""from pathlib import Path as _Path\n"" \"
"C:\flashback\app\tools\_patch_supervisor_import_path_and_utf8.py","# 3) Stop emoji from hard-gate error strings (Windows logging was dying on ??)"
"C:\flashback\app\tools\_phase8_ops_snapshot_final_merge_orchestrator.py","from __future__ import annotations"
"C:\flashback\app\tools\_phase8_ops_snapshot_final_merge_orchestrator.py","from pathlib import Path"
"C:\flashback\app\tools\_phase8_ops_snapshot_final_merge_orchestrator.py","import re"
"C:\flashback\app\tools\_phase8_ops_snapshot_final_merge_orchestrator.py","if ""import json"" not in s:"
"C:\flashback\app\tools\_phase8_ops_snapshot_final_merge_orchestrator.py","    raise SystemExit(""FATAL: ops_snapshot_tick.py does not import json (unexpected)."")"
"C:\flashback\app\tools\_phase8_ops_snapshot_final_merge_orchestrator.py","    raise SystemExit(""FATAL: could not find accounts variable usage in ops_snapshot_tick.py; file differs from expected."")"
"C:\flashback\app\tools\_phase8_patch_ops_snapshot_tick_merge_orchestrator_state.py","from __future__ import annotations"
"C:\flashback\app\tools\_phase8_patch_ops_snapshot_tick_merge_orchestrator_state.py","from pathlib import Path"
"C:\flashback\app\tools\_phase8_patch_ops_snapshot_tick_merge_orchestrator_state.py","import re"
"C:\flashback\app\tools\_phase8_patch_ops_snapshot_tick_merge_orchestrator_state.py","if ""import os"" not in s:"
"C:\flashback\app\tools\_phase8_patch_ops_snapshot_tick_merge_orchestrator_state.py","    s = s.replace(""import json"", ""import json\nimport os"", 1)"
"C:\flashback\app\tools\_phase8_patch_orchestrator_force_utf8.py","from __future__ import annotations"
"C:\flashback\app\tools\_phase8_patch_orchestrator_force_utf8.py","from pathlib import Path"
"C:\flashback\app\tools\_phase8_patch_orchestrator_force_utf8.py","import re"
"C:\flashback\app\trading\journal.py","from time import time"
"C:\flashback\app\trading\journal.py","from app.state.store import upsert_subaccount, get_subaccount"
"C:\flashback\app\ws\ws_switchboard.py","from __future__ import annotations"
"C:\flashback\app\ws\ws_switchboard.py","from app.core.ws_switchboard import main"
"C:\flashback\backtest\loader.py","import pandas as pd"
"C:\flashback\backtest\loader.py","    Loads historical candles from CSV/Parquet."
"C:\flashback\backtest\runner.py","from backtest.loader import load_candles"
"C:\flashback\backtest\runner.py","from backtest.simulator import Simulator"
"C:\flashback\backtest\runner.py","from backtest.executor_sim import ExecutorSim"
"C:\flashback\backtest\runner.py","from backtest.metrics import compute_metrics"
"C:\flashback\backtest\runner.py","    import joblib"
"C:\flashback\cockpit-ui\app\state\subaccounts_state_writer.py","import json"
"C:\flashback\cockpit-ui\app\state\subaccounts_state_writer.py","import time"
"C:\flashback\cockpit-ui\app\state\subaccounts_state_writer.py","from pathlib import Path"
"C:\flashback\cockpit-ui\src\app\state\subaccounts_state_writer.py","import json"
"C:\flashback\cockpit-ui\src\app\state\subaccounts_state_writer.py","import time"
"C:\flashback\cockpit-ui\src\app\state\subaccounts_state_writer.py","from pathlib import Path"
"C:\flashback\config\strategies.yaml","#   - promotion_rules for graduating strategies from LEARN_DRY ? LIVE_CANARY"
"C:\flashback\config\sub_stack_manifest.yaml","#   - 'mode' here is the *intended* account-level mode, separate from per-strategy automation_mode."
"C:\flashback\docs\phase_checklists\phase_1_infrastructure.yaml","    task: Remove .git and .venv from share artifacts + enforce .gitignore rules"
"C:\flashback\docs\phase_checklists\phase_1_infrastructure.yaml","    task: Core bus modules exist and import cleanly"
"C:\flashback\docs\phase_checklists\phase_1_infrastructure.yaml","    task: Fossils/junk archived or removed from root and bots"
"C:\flashback\docs\phase_checklists\phase_1_infrastructure.yaml","    evidence: Legacy bots moved out of app/bots into app/lab/bots_legacy; runtime junk removed from repo tracking"
"C:\flashback\docs\phase_checklists\phase_5_strategies_exits.yaml","    evidence: docs/exit_profiles.md or config notes define how custom_5 differs from standard_5"
"C:\flashback\Phase7_Intake\config\strategies.yaml","#   - promotion_rules for graduating strategies from LEARN_DRY ? LIVE_CANARY"
"C:\flashback\scripts\patch_gpu_usage.py","import pathlib"
"C:\flashback\scripts\patch_gpu_usage.py","import re"
"C:\flashback\scripts\patch_gpu_usage.py","GPU_IMPORT = ""from app.ai.gpu_runtime import configure_gpu\nruntime, device = configure_gpu()\n"""
"C:\flashback\scripts\patch_gpu_usage.py","    uses_torch = ""import torch"" in txt"
"C:\flashback\.env","# Uses MMR_TRIM_TRIGGER from the MMR Guard block above."
"C:\flashback\patch_restart_v05.py","from pathlib import Path"
"C:\flashback\patch_restart_v05.py","import time, sys"
"C:\flashback\patch_step51_import_guard.py","from app.ops.restart_guard import can_restart, mark_restart"
